date,pm25,pm10,o3,no2,so2,co
2023/6/1, 44, 26, 28, 2, 11, 4
2023/6/2, 53, 26, 27, 4, 11, 4
2023/6/3, 52, 37, 22, 4, 11, 5
2023/6/4, 61, 33, 26, 5, 11, 5
2023/6/5, 58, 21, 25, 3, 11, 4
2023/6/6, 38, 17, 23, 3, 11, 5
2023/6/7, 37, 18, 23, 4, 11, 5
2023/6/8, 37, 26, 28, 3, 11, 4
2023/6/9, 53, 33, 21, 5, 11, 5
2023/6/10, 60, 30, 25, 4, 11, 5
2023/6/11, 59, 27, 24, 4, 11, 4
2023/6/12, 54, 38, 21, 6, 11, 5
2023/6/13, 61, 31, 27, 5, 11, 5
2023/6/14, 53, 28, 26, 4, 11, 4
2023/6/15, 52, 21, 24, 1, 11, 4
2023/6/16, 32, 19, 27, 2, 11, 4
2023/6/17, 34, 30, 22, 4, 11, 5
2023/6/18, 49, 22, 29, 2, 11, 4
2023/6/19, 43, 18, 18, 4, 11, 4
2023/6/20, 41, 18, 23, 4, 11, 4
2023/6/21, 47, 19, 12, 9, 11, 6
2023/6/22, 43, , , , , 
2023/5/1, 22, 12, 42, , 11, 
2023/5/2, 18, 14, 45, 1, 11, 
2023/5/3, 24, 15, 41, 3, 11, 
2023/5/4, 33, 22, 39, 6, 11, 
2023/5/5, 45, 28, 28, 5, 11, 
2023/5/6, 55, 41, 21, 5, 11, 
2023/5/7, 71, 30, 21, 2, 11, 
2023/5/8, 49, 13, 21, 2, 11, 5
2023/5/9, 15, 16, 24, 2, 11, 3
2023/5/10, 27, 16, 19, 2, 11, 2
2023/5/11, 29, 13, 12, 5, 10, 4
2023/5/12, 28, 19, 11, 4, 11, 4
2023/5/13, 58, 11, 24, 1, 11, 2
2023/5/14, 30, 12, 26, 1, 11, 1
2023/5/15, 20, 18, 24, 3, 11, 2
2023/5/16, 41, 22, 24, 4, 11, 3
2023/5/17, 49, 23, 24, 3, 11, 2
2023/5/18, 45, 21, 21, 4, 11, 4
2023/5/19, 51, 34, 14, 5, 11, 6
2023/5/20, 72, 31, 24, 4, 11, 5
2023/5/21, 73, 26, 25, 4, 11, 5
2023/5/22, 59, 32, 24, 4, 11, 5
2023/5/23, 56, 57, 25, 5, 11, 8
2023/5/24, 83, 63, 24, 5, 11, 4
2023/5/25, 87, 43, 24, 4, 11, 4
2023/5/26, 65, 34, 22, 4, 12, 4
2023/5/27, 59, 38, 29, 3, 11, 3
2023/5/28, 64, 39, 25, 4, 11, 3
2023/5/29, 60, 45, 42, 3, 11, 4
2023/5/30, 68, 32, 52, 3, 11, 3
2023/5/31, 51, 26, 30, 2, 11, 3
2023/4/1, 27, 25, 21, 19, 10, 
2023/4/2, 56, 35, 26, 16, 11, 
2023/4/3, 71, 29, 22, 18, 11, 
2023/4/4, 57, 44, 25, 13, 11, 
2023/4/5, 75, 34, 24, 11, 11, 
2023/4/6, 58, 19, 29, 14, 10, 
2023/4/7, 38, 19, 46, 15, 11, 
2023/4/8, 42, 11, 48, 9, 10, 
2023/4/9, 26, 24, 29, 18, 10, 
2023/4/10, 52, 27, 28, 21, 10, 
2023/4/11, 70, 44, 23, 22, 10, 
2023/4/12, 84, 43, 26, 13, 10, 
2023/4/13, 80, 11, 32, , 11, 
2023/4/14, 23, 12, 31, 2, 11, 
2023/4/15, 29, 22, 26, 3, 11, 
2023/4/16, 49, 23, 20, 1, 11, 
2023/4/17, 55, 26, 20, 2, 11, 
2023/4/18, 64, 31, 21, 5, 11, 
2023/4/19, 69, 39, 20, 9, 11, 
2023/4/20, 76, 24, 24, 6, 11, 
2023/4/21, 47, 11, 26, 3, 11, 
2023/4/22, 20, 14, 25, 2, 11, 
2023/4/23, 32, 20, 18, 5, 11, 
2023/4/24, 48, 18, 23, 2, 11, 
2023/4/25, 42, 21, 21, 5, 11, 
2023/4/26, 39, 36, 25, 6, 11, 
2023/4/27, 68, 32, 24, 5, 11, 
2023/4/28, 60, 31, 22, 6, 11, 
2023/4/29, 59, 19, 25, 4, 11, 
2023/4/30, 42, 12, 28, 1, 11, 
2023/1/2, 69, 33, 11, 26, , 
2023/1/3, 76, 59, 20, 18, , 
2023/1/4, 137, 33, 24, 10, , 
2023/1/5, 71, 38, 15, 19, , 
2023/1/6, 91, 29, 17, 9, , 
2023/1/7, 75, 12, 19, 11, , 
2023/1/8, 37, 14, 13, 5, , 
2023/1/9, 51, 15, 12, 4, , 
2023/1/10, 52, 19, 12, 5, , 
2023/1/11, 62, 16, 12, 5, , 
2023/1/12, 57, 27, 11, 7, , 
2023/1/13, 78, 42, 13, 9, , 
2023/1/14, 105, 52, 12, 15, , 
2023/1/15, 127, 74, 8, 10, , 
2023/1/16, 162, 86, 8, 10, , 
2023/1/17, 169, 99, 9, 17, , 
2023/1/18, 183, 98, 10, 18, , 
2023/1/19, 181, 100, 13, 17, , 
2023/1/20, 186, 72, 16, 14, , 
2023/1/21, 165, 74, 11, 19, , 
2023/1/22, 166, 69, 15, 26, , 
2023/1/23, 158, 60, 15, 14, , 
2023/1/24, 146, 57, 12, 13, , 
2023/1/25, 133, 62, 13, 11, , 
2023/1/26, 148, 65, 14, 14, , 
2023/1/27, 151, 72, 10, 22, 1, 
2023/1/28, 159, 85, 14, 31, 1, 
2023/1/29, 168, 66, 16, 27, , 
2023/1/30, 153, 56, 10, 29, , 
2023/1/31, 125, 65, 13, 28, 1, 
2023/2/1, 159, 63, 17, 24, , 
2023/2/2, 149, 24, 21, 12, , 
2023/2/3, 57, 21, 16, 20, , 
2023/2/4, 51, 42, 14, 30, 1, 
2023/2/5, 80, 39, 14, 26, , 
2023/2/6, 86, 39, 17, 22, 1, 
2023/2/7, 105, 17, 22, 9, , 
2023/2/8, 45, 11, 20, 9, , 
2023/2/9, 28, 17, 10, 6, , 
2023/2/10, 53, 23, 14, 6, , 
2023/2/11, 68, 36, 16, 13, , 
2023/2/12, 88, 31, 21, 8, , 
2023/2/13, 74, 11, 22, 5, , 
2023/2/14, 24, 18, 19, 11, 1, 
2023/2/15, 44, 14, 20, 7, , 
2023/2/16, 33, 11, 19, 6, , 
2023/2/17, 23, 17, 20, 12, , 
2023/2/18, 43, 22, 23, 19, , 
2023/2/19, 60, 13, 19, 19, , 
2023/2/20, 38, 12, 22, 9, , 
2023/2/21, 33, 8, 20, 15, , 
2023/2/22, 18, 10, 21, 13, , 
2023/2/23, 22, 10, 22, 7, , 
2023/2/24, 25, 18, 19, 9, , 
2023/2/25, 53, 44, 20, 16, , 
2023/2/26, 99, 48, 18, 31, , 
2023/2/27, 93, 48, 21, 29, , 
2023/2/28, 86, 43, 21, 24, , 
2023/3/1, 73, 40, 23, 14, , 
2023/3/2, 67, 21, 12, 19, , 
2023/3/3, 45, 24, 18, 15, , 
2023/3/4, 63, 18, 15, 19, 1, 
2023/3/5, 47, 24, 22, 20, , 
2023/3/6, 63, 18, 24, 5, , 
2023/3/7, 39, 36, 17, 19, , 
2023/3/8, 72, 52, 13, 27, , 
2023/3/9, 100, 57, 22, 22, , 
2023/3/10, 106, 33, 22, 19, , 
2023/3/11, 60, 51, 23, 23, , 
2023/3/12, 90, 53, 20, 24, , 
2023/3/13, 76, 53, 22, 13, , 
2023/3/14, 83, 59, 22, 15, , 
2023/3/15, 99, 64, 20, 28, , 
2023/3/16, 120, 66, 19, 19, , 
2023/3/17, 134, 36, 18, 15, , 
2023/3/18, 71, 36, 17, 18, , 
2023/3/19, 74, 53, 15, 22, , 
2023/3/20, 114, 24, 17, 9, , 
2023/3/21, 46, 19, 21, 12, , 
2023/3/22, 30, 39, 22, 20, , 
2023/3/23, 64, 47, 25, 18, , 
2023/3/24, 74, 29, 24, 11, 11, 
2023/3/25, 55, 48, 27, 19, 11, 
2023/3/26, 85, 36, 24, 12, 11, 
2023/3/27, 68, 15, 25, 13, 10, 
2023/3/28, 32, 29, 23, 16, 11, 
2023/3/29, 56, 20, 23, 4, 11, 
2023/3/30, 31, 10, 25, 8, 11, 
2023/3/31, 17, 12, 28, 9, 10, 
2022/10/1, 60, 41, 46, 20, 7, 
2022/10/2, 65, 58, 64, 20, 7, 
2022/10/3, 80, 38, 45, 19, 7, 
2022/10/4, 57, 57, 25, 17, 6, 
2022/10/5, 84, 43, 3, 11, 7, 
2022/10/6, 61, 47, 7, 10, 6, 
2022/10/7, 58, 60, 12, 9, 7, 
2022/10/8, 66, 38, 7, 14, 7, 
2022/10/9, 60, 26, 13, 12, 7, 
2022/10/10, 62, 13, 15, 7, 7, 
2022/10/11, 29, 17, 12, 11, 7, 
2022/10/12, 38, 22, 8, 18, 8, 
2022/10/13, 47, 28, 8, 13, 8, 
2022/10/14, 63, 26, 1, 15, 9, 
2022/10/15, 69, 34, , 13, 9, 
2022/10/16, 85, 26, 1, 14, 8, 
2022/10/17, 61, 36, 6, 11, 9, 
2022/10/18, 76, 24, 9, 11, 9, 
2022/10/19, 54, 25, 12, 11, 10, 
2022/10/20, 52, 14, 15, 7, 10, 
2022/10/21, 28, 11, 11, 10, 10, 
2022/10/22, 22, 22, 10, 15, 10, 
2022/10/23, 49, 31, 12, 14, 11, 
2022/10/24, 61, 17, 14, 10, 11, 
2022/10/25, 28, 25, 8, 20, 11, 
2022/10/26, 50, 35, 13, 15, 12, 
2022/10/27, 70, 17, 14, 8, 15, 
2022/10/28, 28, 14, 12, 14, 12, 
2022/10/29, 23, 23, 13, 17, 13, 
2022/10/30, 49, 35, 16, 16, 14, 
2022/10/31, 69, 20, 16, 5, 13, 
2022/11/1, 28, 17, 16, 9, 13, 
2022/11/2, 20, 17, 15, 13, 14, 
2022/11/3, 29, 19, 13, 16, 14, 
2022/11/4, 35, 27, 10, 17, 16, 
2022/11/5, 63, 24, 10, 16, 17, 
2022/11/6, 58, 27, 8, 11, 16, 
2022/11/7, 63, 20, 10, 12, 15, 
2022/11/8, 53, 31, 10, 16, 16, 
2022/11/9, 69, 48, 11, 19, 18, 
2022/11/10, 89, 45, 8, 20, 19, 
2022/11/11, 91, 49, 8, 16, 21, 
2022/11/12, 105, 49, 19, 12, 23, 
2022/11/13, 102, 25, 21, 6, 24, 
2022/11/14, 40, 11, 17, 12, 24, 
2022/11/15, 18, 22, 6, 20, 22, 
2022/11/16, 52, 37, 18, 18, 22, 
2022/11/17, 84, 42, 17, 21, 25, 
2022/11/18, 87, 38, 19, 22, 22, 
2022/11/19, 79, 57, 21, 18, 23, 
2022/11/20, 117, 60, 29, 22, 28, 
2022/11/21, 117, 82, 30, 18, 27, 
2022/11/22, 159, 68, 29, 17, 32, 
2022/11/23, 152, 65, 26, 18, 34, 
2022/11/24, 149, 70, 23, 23, 31, 
2022/11/25, 155, 83, 17, 19, 28, 
2022/11/26, 163, 53, 22, 12, 32, 
2022/11/27, 122, 13, 21, 16, 32, 
2022/11/28, 26, 34, 21, 19, 34, 
2022/11/29, 75, 32, 27, 13, 37, 
2022/11/30, 74, 13, 24, 14, 38, 
2022/12/1, 39, 15, 27, 16, 35, 
2022/12/2, 47, 25, 27, 16, , 
2022/12/3, 62, 12, 32, 16, , 
2022/12/4, 43, 14, 33, 17, , 
2022/12/5, 50, 17, 29, 18, , 
2022/12/6, 59, 26, 35, 16, , 
2022/12/7, 74, 33, 27, 18, , 
2022/12/8, 78, 47, 20, 18, , 
2022/12/9, 98, 40, 20, 18, , 
2022/12/10, 97, 49, 23, 16, , 
2022/12/11, 122, 47, 34, 18, , 
2022/12/12, 119, 46, 32, 16, , 
2022/12/13, 119, 56, 28, 15, 7, 
2022/12/14, 145, 55, 16, 14, 8, 
2022/12/15, 123, 52, 7, 18, 10, 
2022/12/16, 128, 39, 7, 17, 14, 
2022/12/17, 93, 44, 7, 17, 17, 
2022/12/18, 103, 51, 8, 20, 20, 
2022/12/19, 109, 18, 10, 18, , 
2022/12/20, 38, 14, 8, 14, 20, 
2022/12/21, 37, 39, 8, 16, , 
2022/12/22, 77, 61, 10, 19, , 
2022/12/23, 130, 59, 9, 21, , 
2022/12/24, 131, 64, 12, 22, , 
2022/12/25, 149, 55, 10, 23, , 
2022/12/26, 127, 71, 7, 17, , 
2022/12/27, 158, 80, 14, 14, , 
2022/12/28, 160, 22, 18, 13, , 
2022/12/29, 48, 31, 14, 15, , 
2022/12/30, 68, 56, 11, 15, , 
2022/12/31, 127, 55, 17, 19, , 
2023/1/1, 129, 27, 18, 17, , 
2022/7/1, 54, 24, 48, 5, 57, 1
2022/7/2, 36, 26, 60, 3, 56, 5
2022/7/3, 47, 23, 52, 6, 32, 2
2022/7/4, 42, 25, 59, 13, 7, 7
2022/7/5, 43, 32, 55, 11, 5, 12
2022/7/6, 54, 37, 51, 7, 5, 4
2022/7/7, 54, 36, 55, 11, 6, 7
2022/7/8, 57, 47, 55, 13, 7, 8
2022/7/9, 65, 57, 48, 13, 7, 4
2022/7/10, 67, 57, 52, 13, 7, 8
2022/7/11, 65, 36, 48, 7, 5, 15
2022/7/12, 42, 47, 48, 9, 5, 31
2022/7/13, 52, 40, 46, 5, 6, 11
2022/7/14, 45, 29, 51, 9, 6, 15
2022/7/15, 30, 57, 61, 15, 6, 19
2022/7/16, 63, 41, 61, 5, 6, 14
2022/7/17, 45, 34, 55, 7, 6, 14
2022/7/18, 45, 38, 46, 6, 5, 8
2022/7/19, 52, 30, 47, 5, 5, 7
2022/7/20, 35, 27, 46, 6, 6, 2
2022/7/21, 31, 19, 47, 4, 5, 3
2022/7/22, 23, 29, 48, 3, 5, 
2022/7/23, 37, 31, 51, 3, 6, 225
2022/7/24, 36, 23, 48, 4, 6, 227
2022/7/25, 28, 27, 55, 10, 6, 
2022/7/26, 38, 26, 47, 7, 6, 
2022/7/27, 53, 23, 63, 6, 7, 
2022/7/28, 44, 29, 50, 9, 6, 
2022/7/29, 54, 37, 64, 12, 7, 
2022/7/30, 60, 35, 62, 11, 7, 
2022/7/31, 57, 33, 56, 11, 8, 
2022/8/1, 59, 35, 62, 9, 7, 
2022/8/2, 61, 30, 56, 5, 8, 
2022/8/3, 58, 32, 56, 7, 7, 
2022/8/4, 57, 36, 55, 11, 8, 
2022/8/5, 62, 29, 62, 6, 8, 
2022/8/6, 57, 30, 44, 8, 9, 
2022/8/7, 56, 36, 46, 9, 8, 
2022/8/8, 58, 36, 47, 11, 9, 
2022/8/9, 59, 37, 44, 12, 9, 
2022/8/10, 57, 40, 44, 10, 10, 
2022/8/11, 55, 53, 44, 16, 10, 
2022/8/12, 67, 54, 50, 13, 11, 
2022/8/13, 70, 55, 56, 16, 13, 
2022/8/14, 66, 45, 56, 17, 13, 
2022/8/15, 61, 47, 57, 19, 14, 
2022/8/16, 62, 48, 49, 15, 14, 
2022/8/17, 63, 60, 47, 15, 17, 
2022/8/18, 66, 75, 51, 15, 18, 
2022/8/19, 76, 70, 52, 17, 19, 
2022/8/20, 75, 67, 62, 14, 20, 
2022/8/21, 71, 96, 109, 10, 23, 
2022/8/22, 96, 74, 151, 11, 22, 
2022/8/23, 74, 56, 26, 11, 24, 
2022/8/24, 60, 44, 26, 11, 17, 
2022/8/25, 51, 47, 29, 15, 3, 
2022/8/26, 53, 49, 30, 15, 2, 
2022/8/27, 56, 54, 31, 15, 2, 
2022/8/28, 63, 53, 31, 18, 3, 
2022/8/29, 67, 54, 31, 14, 3, 
2022/8/30, 61, 53, 32, 17, 4, 
2022/8/31, 59, 54, 33, 17, 4, 
2022/9/1, 64, 61, 34, 17, 4, 
2022/9/2, 73, 59, 34, 19, 4, 
2022/9/3, 73, 64, 35, 13, 5, 
2022/9/4, 78, 53, 31, 4, 4, 
2022/9/5, 56, 20, 29, 7, 4, 
2022/9/6, 32, 18, 29, 8, 3, 
2022/9/7, 42, 18, 27, 11, 3, 
2022/9/8, 35, 23, 31, 10, 4, 
2022/9/9, 41, 20, 33, 13, 4, 
2022/9/10, 32, 30, 34, 14, 4, 
2022/9/11, 53, 34, 36, 13, 5, 
2022/9/12, 56, 40, 46, 15, 6, 
2022/9/13, 64, 29, 63, 6, 6, 
2022/9/14, 42, 18, 63, 9, 5, 
2022/9/15, 29, 28, 13, 18, 5, 
2022/9/16, 46, 34, 13, 21, 6, 
2022/9/17, 41, 54, 17, 20, 5, 
2022/9/18, 70, 52, 17, 19, 5, 
2022/9/19, 69, 45, 16, 13, 5, 
2022/9/20, 64, 51, 17, 16, 6, 
2022/9/21, 63, 56, 12, 21, 6, 
2022/9/22, 67, 32, 25, 14, 6, 
2022/9/23, 53, 17, 27, 12, 6, 
2022/9/24, 26, 11, 37, 5, 5, 
2022/9/25, 19, 12, 40, 16, 5, 
2022/9/26, 23, 24, 62, 20, 6, 
2022/9/27, 45, 35, 59, 25, 7, 
2022/9/28, 59, 33, 23, 10, 7, 
2022/9/29, 52, 31, 23, 17, 6, 
2022/9/30, 50, 37, 31, 21, 6, 
2022/4/1, 79, 66, 13, 25, 15, 6
2022/4/2, 93, 71, 13, 17, 16, 7
2022/4/3, 100, 83, 13, 14, 17, 9
2022/4/4, 100, 41, 13, 11, 14, 2
2022/4/5, 51, 31, 13, 17, 16, 4
2022/4/6, 56, 48, 13, 17, 15, 5
2022/4/7, 73, 43, 13, 18, 21, 170
2022/4/8, 77, 40, 13, 9, 16, 
2022/4/9, 77, 28, 13, 16, 15, 82
2022/4/10, 63, 35, 13, 17, 17, 
2022/4/11, 63, 52, 13, 12, 17, 
2022/4/12, 75, 17, 13, 7, 18, 
2022/4/13, 25, 11, 13, 8, 17, 
2022/4/14, 21, 14, 13, 9, 16, 
2022/4/15, 28, 18, 13, 14, 17, 
2022/4/16, 35, 35, 13, 18, 18, 
2022/4/17, 58, 42, 13, 17, 18, 
2022/4/18, 69, 52, 13, 21, 18, 
2022/4/19, 83, 75, 13, 13, 19, 
2022/4/20, 132, 39, 13, 12, 19, 
2022/4/21, 51, 38, 13, 7, 18, 
2022/4/22, 53, 21, 13, 13, 18, 
2022/4/23, 41, 36, 13, 14, 18, 
2022/4/24, 62, 36, 13, 17, 19, 
2022/4/25, 63, 47, 13, 16, 19, 
2022/4/26, 71, 55, 13, 17, 18, 
2022/4/27, 77, 58, 14, 14, 16, 
2022/4/28, 76, 55, 13, 18, 15, 
2022/4/29, 70, 39, 13, 12, 17, 
2022/4/30, 55, 37, 14, 10, 17, 
2022/5/1, 63, 24, 13, 8, 17, 
2022/5/2, 41, 10, 14, 10, 17, 
2022/5/3, 15, 42, 13, 10, 17, 
2022/5/4, 56, 45, 13, 12, 17, 
2022/5/5, 65, 15, 13, 10, 17, 
2022/5/6, 22, 12, 14, 16, 17, 
2022/5/7, 30, 8, 14, 6, 17, 
2022/5/8, 17, 7, 13, 5, 17, 4
2022/5/9, 10, 8, 13, 6, 18, 2
2022/5/10, 13, 11, 14, 11, 18, 2
2022/5/11, 20, 21, 13, 8, 17, 3
2022/5/12, 49, 24, 13, 10, 17, 3
2022/5/13, 51, 28, 13, 15, 18, 5
2022/5/14, 57, 24, 13, 15, 18, 3
2022/5/15, 51, 21, 14, 7, 18, 1
2022/5/16, 42, 16, 14, 7, 18, 1
2022/5/17, 38, 20, 14, 12, 19, 3
2022/5/18, 43, 27, 13, 14, 19, 2
2022/5/19, 56, 22, 14, 4, 18, 3
2022/5/20, 32, 17, 14, 7, 18, 6
2022/5/21, 19, 17, 13, 14, 19, 5
2022/5/22, 31, 28, 14, 12, 20, 5
2022/5/23, 47, 23, 14, 5, 20, 6
2022/5/24, 33, 14, 13, 5, 19, 4
2022/5/25, 19, 13, 14, 10, 18, 8
2022/5/26, 22, 19, 13, 13, 19, 5
2022/5/27, 34, 25, 13, 15, 20, 5
2022/5/28, 42, 26, 13, 16, 20, 4
2022/5/29, 53, 33, 14, 19, 20, 3
2022/5/30, 58, 40, 13, 16, 20, 6
2022/5/31, 61, 39, 13, 12, 20, 5
2022/6/1, 55, 40, 13, 16, 21, 2
2022/6/2, 57, 62, 13, 21, 22, 5
2022/6/3, 70, 71, 13, 18, 22, 7
2022/6/4, 83, 70, 13, 10, 17, 6
2022/6/5, 80, 49, 13, 8, 22, 2
2022/6/6, 65, 44, 14, 9, 22, 5
2022/6/7, 60, 40, 13, 13, 22, 3
2022/6/8, 56, 62, 13, 15, 24, 3
2022/6/9, 68, 23, 13, 12, 24, 3
2022/6/10, 42, 22, 13, 9, 24, 2
2022/6/11, 41, 29, 14, 13, 25, 2
2022/6/12, 52, 38, 13, 15, 28, 5
2022/6/13, 58, 27, 13, 13, 26, 3
2022/6/14, 47, 31, 14, 11, 28, 3
2022/6/15, 51, 24, 13, 5, 28, 2
2022/6/16, 38, 25, 13, 10, 30, 3
2022/6/17, 46, 25, 13, 11, 32, 3
2022/6/18, 53, 31, 13, 13, 32, 3
2022/6/19, 65, 32, 13, 12, 34, 3
2022/6/20, 63, 30, 13, 14, 39, 3
2022/6/21, 56, 23, 13, 6, 41, 2
2022/6/22, 41, 16, 13, 5, 42, 2
2022/6/23, 23, 23, 13, 8, 43, 2
2022/6/24, 32, 17, 13, 14, 45, 3
2022/6/25, 33, 19, 13, 14, 48, 3
2022/6/26, 42, 11, 24, 9, 51, 2
2022/6/27, 25, 24, 41, 9, 56, 3
2022/6/28, 48, 24, 47, 8, 56, 5
2022/6/29, 43, 33, 45, 11, 56, 2
2022/6/30, 54, 37, 52, 11, 56, 2
2022/1/4, 30, 9, 13, 15, 13, 3
2022/1/5, 24, 22, 13, 14, 13, 3
2022/1/6, 59, 40, 13, 21, 13, 8
2022/1/7, 90, 20, 13, 20, 14, 9
2022/1/8, 58, 40, 12, 14, 13, 4
2022/1/9, 92, 56, 13, 15, 13, 5
2022/1/10, 137, 67, 12, 17, 14, 14
2022/1/11, 156, 61, 12, 16, 14, 15
2022/1/12, 143, 62, 12, 17, 14, 15
2022/1/13, 146, 11, 12, 9, 13, 10
2022/1/14, 27, 7, 12, 6, 12, 3
2022/1/15, 17, 6, 12, 9, 13, 3
2022/1/16, 15, 10, 13, 14, 12, 3
2022/1/17, 28, 18, 13, 17, 12, 4
2022/1/18, 51, 31, 13, 21, 11, 5
2022/1/19, 79, 16, 13, 22, 12, 5
2022/1/20, 43, 9, 12, 10, 12, 3
2022/1/21, 22, 45, 12, 10, 11, 5
2022/1/22, 101, 55, 13, 18, 12, 11
2022/1/23, 131, 59, 12, 15, 13, 10
2022/1/24, 137, 38, 12, 18, 13, 16
2022/1/25, 78, 28, 13, 13, 12, 6
2022/1/26, 69, 55, 13, 17, 12, 5
2022/1/27, 128, 16, 13, 10, 13, 5
2022/1/28, 34, 13, 13, 13, 12, 2
2022/1/29, 37, 22, 12, 21, 12, 3
2022/1/30, 59, 32, 12, 20, 13, 3
2022/1/31, 74, 45, 13, 22, 13, 5
2022/2/1, 93, 46, 12, 17, 13, 9
2022/2/2, 93, 63, 13, 18, 13, 9
2022/2/3, 129, 70, 13, 21, 14, 12
2022/2/4, 139, 37, 12, 16, 14, 9
2022/2/5, 48, 13, 12, 6, 13, 4
2022/2/6, 18, 13, 13, 13, 12, 2
2022/2/7, 37, 26, 12, 16, 13, 3
2022/2/8, 61, 48, 13, 22, 13, 6
2022/2/9, 97, 34, 13, 25, 14, 7
2022/2/10, 74, 11, 12, 14, 12, 3
2022/2/11, 22, 22, 12, 11, 12, 2
2022/2/12, 54, 28, 12, 14, 12, 5
2022/2/13, 62, 25, 12, 10, 12, 3
2022/2/14, 53, 28, 12, 14, 11, 3
2022/2/15, 67, 29, 12, 15, 11, 4
2022/2/16, 75, 39, 12, 16, 12, 4
2022/2/17, 97, 47, 12, 18, 12, 5
2022/2/18, 115, 60, 12, 19, 13, 7
2022/2/19, 142, 46, 12, 13, 14, 8
2022/2/20, 90, 66, 12, 14, 13, 4
2022/2/21, 140, 36, 12, 15, 13, 7
2022/2/22, 77, 48, 12, 15, 13, 3
2022/2/23, 105, 63, 12, 21, 12, 7
2022/2/24, 141, 68, 12, 15, 13, 10
2022/2/25, 148, 76, 12, 24, 13, 8
2022/2/26, 160, 26, 13, 13, 14, 5
2022/2/27, 38, 23, 12, 7, 12, 3
2022/2/28, 47, 55, 12, 19, 13, 5
2022/3/1, 126, 50, 12, 20, 13, 5
2022/3/2, 116, 61, 12, 17, 14, 6
2022/3/3, 147, 43, 13, 14, 14, 9
2022/3/4, 102, 8, 12, 7, 15, 4
2022/3/5, 16, 13, 12, 12, 13, 3
2022/3/6, 39, 21, 12, 8, 14, 3
2022/3/7, 59, 36, 12, 15, 14, 3
2022/3/8, 77, 20, 12, 18, 14, 4
2022/3/9, 51, 13, 12, 18, 15, 5
2022/3/10, 42, 13, 12, 12, 14, 3
2022/3/11, 39, 11, 12, 12, 15, 6
2022/3/12, 40, 9, 12, 7, 14, 3
2022/3/13, 29, 13, 12, 16, 13, 4
2022/3/14, 46, 13, 12, 21, 13, 4
2022/3/15, 49, 8, 12, 13, 13, 3
2022/3/16, 23, 10, 12, 9, 14, 2
2022/3/17, 26, 15, 12, 12, 13, 3
2022/3/18, 48, 13, 12, 15, 13, 3
2022/3/19, 48, 19, 12, 22, 13, 6
2022/3/20, 63, 17, 12, 21, 14, 6
2022/3/21, 62, 24, 12, 21, 13, 6
2022/3/22, 70, 27, 12, 21, 14, 4
2022/3/23, 75, 26, 12, 21, 13, 4
2022/3/24, 75, 23, 12, 21, 14, 4
2022/3/25, 64, 20, 12, 14, 15, 3
2022/3/26, 56, 22, 12, 9, 14, 3
2022/3/27, 61, 26, 12, 9, 14, 2
2022/3/28, 54, 31, 12, 8, 14, 2
2022/3/29, 46, 45, 12, 16, 13, 3
2022/3/30, 78, 46, 12, 21, 14, 7
2022/3/31, 77, 54, 12, 19, 15, 7
2021/11/13, 71, 49, 14, 13, 11, 10
2021/11/14, 106, , 15, 15, 12, 4
2021/11/17, 58, 40, 14, 16, 12, 4
2021/11/18, 88, 58, 14, 19, 12, 8
2021/11/19, 142, 37, 14, 13, 13, 3
2021/11/20, 91, 14, 14, 7, 12, 3
2021/11/21, 34, 19, 14, 17, 12, 6
2021/11/22, 47, 42, 14, 22, 13, 9
2021/11/23, 92, 37, 13, 17, 13, 8
2021/11/24, 85, 29, 13, 12, 11, 3
2021/11/25, 65, 14, 13, 10, 11, 4
2021/11/26, 48, 34, 13, 11, 12, 8
2021/11/27, 81, 44, 13, 15, 13, 9
2021/11/28, 90, 60, 14, 15, 13, 17
2021/11/29, 128, 77, 13, 14, 14, 20
2021/11/30, 156, 67, 13, 12, 14, 14
2021/12/1, 138, 10, 13, 12, 12, 3
2021/12/2, 25, 14, 13, 15, 12, 6
2021/12/3, 38, 39, 13, 15, 12, 7
2021/12/4, 83, 56, 13, 20, 13, 10
2021/12/5, 123, 45, 13, 21, 13, 9
2021/12/6, 94, 60, 13, 20, 13, 15
2021/12/7, 131, 84, 13, 23, 13, 14
2021/12/8, 170, 79, 13, 18, 13, 11
2021/12/9, 168, 24, 13, 15, 12, 5
2021/12/10, 61, 47, 13, 15, 12, 15
2021/12/11, 104, 66, 13, 19, 11, 13
2021/12/12, 155, 61, 13, 22, 11, 5
2021/12/13, 151, 59, 13, 21, 12, 6
2021/12/14, 147, 57, 13, 20, 12, 6
2021/12/15, 146, 55, 13, 19, 12, 8
2021/12/16, 130, 74, 13, 22, 13, 12
2021/12/17, 160, 67, 13, 20, 13, 7
2021/12/18, 157, 41, 13, 14, 13, 6
2021/12/19, 99, 34, 13, 13, 14, 11
2021/12/20, 87, 67, 13, 13, 14, 14
2021/12/21, 150, 12, 13, 11, 12, 3
2021/12/22, 30, 9, 13, 17, 12, 3
2021/12/23, 20, , 13, 23, 12, 6
2021/12/25, 79, 35, 13, 25, 12, 6
2021/12/26, 83, 42, 13, 27, 13, 8
2021/12/27, 91, 33, 13, 24, 13, 9
2021/12/28, 75, 56, 13, 20, 14, 14
2021/12/29, 121, 55, 13, 22, 13, 13
2021/12/30, 127, 63, 13, 20, 14, 12
2021/12/31, 153, 80, 13, 15, 14, 16
2022/1/1, 171, 35, 13, 18, 14, 5
2022/1/2, 93, , , , , 
2021/7/1, 31, 1, , 10, , 
2021/7/2, 1, , , , , 
2021/4/1, 92, 46, , , , 5
2021/4/2, 80, 24, , , , 2
2021/4/3, 42, 18, , , , 2
2021/4/4, 40, 30, , , , 5
2021/4/5, 61, 27, , , , 2
2021/4/6, 48, 24, , , , 4
2021/4/7, 43, 53, , , , 8
2021/4/8, 77, 67, , , , 7
2021/4/9, 89, 29, , , , 3
2021/4/10, 44, 37, , , , 6
2021/4/11, 73, 51, , , , 4
2021/4/12, 95, 27, , , , 4
2021/4/13, 53, 23, , , , 3
2021/4/14, 48, 16, , , , 3
2021/4/15, 36, 36, , , , 7
2021/4/16, 65, 37, , , , 5
2021/4/17, 66, 45, , , , 5
2021/4/18, 77, 50, , , , 2
2021/4/19, 70, 53, , , , 3
2021/4/20, 69, 42, , , , 5
2021/4/21, 61, 25, , , , 3
2021/4/22, 45, 19, , , , 2
2021/4/23, 31, 52, , , , 3
2021/4/24, 70, 43, , , , 3
2021/4/25, 67, 44, , , , 4
2021/4/26, 72, 27, , 10, , 3
2021/4/27, 46, 33, , 12, , 4
2021/4/28, 58, 43, , 12, , 4
2021/4/29, 65, 43, , , , 3
2021/4/30, 67, 35, , , , 2
2021/5/1, 62, 28, , , , 2
2021/5/2, 57, 19, , , , 2
2021/5/3, 47, 21, , , , 2
2021/5/4, 43, 23, , , , 2
2021/5/5, 37, 12, , , , 3
2021/5/6, 29, 17, , , , 2
2021/5/7, 40, 20, , , , 2
2021/5/8, 41, 21, , , , 2
2021/5/9, 51, 12, , , , 
2021/5/10, 22, 13, , , , 2
2021/5/11, 22, 19, , , , 3
2021/5/12, 44, 32, , , , 4
2021/5/13, 59, 39, , , , 4
2021/5/14, 65, 44, , , , 3
2021/5/15, 67, 40, , , , 3
2021/5/16, 58, 37, , , , 2
2021/5/17, 55, 29, , , , 2
2021/5/18, 46, 25, , , , 2
2021/5/19, 41, 26, , , , 1
2021/5/20, 45, 58, , , , 3
2021/5/21, 72, 97, , , , 4
2021/5/22, 106, 65, , , , 3
2021/5/23, 71, 26, , , , 1
2021/5/24, 29, 25, , , , 1
2021/5/25, 25, 19, , , , 1
2021/5/26, 29, 15, , , , 1
2021/5/27, 32, 24, , , , 3
2021/5/28, 49, 28, , , , 3
2021/5/29, 57, 24, , , , 1
2021/5/30, 40, 23, , , , 3
2021/5/31, 34, 34, , , , 2
2021/6/1, 48, 44, , , , 2
2021/6/2, 57, 18, , , , 1
2021/6/3, 21, 14, , , , 2
2021/6/4, 21, 14, , , , 2
2021/6/5, 29, 11, , , , 2
2021/6/6, 25, 8, , , , 2
2021/6/7, 16, 14, , , , 2
2021/6/8, 26, 22, , , , 3
2021/6/9, 45, 22, , , , 4
2021/6/10, 53, 16, , , , 2
2021/6/11, 37, 17, , , , 2
2021/6/12, 40, 16, , , , 2
2021/6/13, 38, 10, , , , 2
2021/6/14, 23, 27, , , , 4
2021/6/15, 51, 35, , , , 3
2021/6/16, 60, 43, , , , 16
2021/6/17, 64, 29, , , , 
2021/6/18, 37, 49, , , , 
2021/6/19, 60, 50, , , , 
2021/6/20, 59, 69, , , , 
2021/6/21, 74, 93, , 15, , 
2021/6/22, 96, 56, 8, 15, , 
2021/6/23, 58, 54, 13, 12, , 
2021/6/24, 58, 56, 14, 12, , 
2021/6/25, 63, 48, 10, 14, , 
2021/6/26, 55, 42, 15, 9, , 
2021/6/27, 54, 40, 12, 7, , 
2021/6/28, 56, 34, 13, 7, , 
2021/6/29, 55, 27, , 6, , 
2021/6/30, 62, 13, , 9, , 
2021/1/4, 128, 38, , 11, , 5
2021/1/5, 100, 53, , 12, , 4
2021/1/6, 137, 77, , 16, , 8
2021/1/7, 167, 93, , 27, 1, 14
2021/1/8, 182, 88, , 29, 1, 18
2021/1/9, 169, 78, , 30, 1, 22
2021/1/10, 160, 64, , 14, 1, 10
2021/1/11, 133, 43, , 13, 2, 7
2021/1/12, 107, 68, , 12, 1, 10
2021/1/13, 159, 113, , 20, 8, 20
2021/1/14, 196, 90, , 13, 4, 16
2021/1/15, 170, 29, , 16, 2, 5
2021/1/16, 69, 49, , 21, , 14
2021/1/17, 107, 63, , 11, , 11
2021/1/18, 142, 10, , 8, , 4
2021/1/19, 24, 13, , 8, 1, 4
2021/1/20, 40, 12, , 8, , 3
2021/1/21, 30, 19, , 17, , 5
2021/1/22, 52, 44, , 23, , 9
2021/1/23, 97, 69, , 25, 1, 13
2021/1/24, 157, 81, , 27, 1, 13
2021/1/25, 166, 88, , 26, 1, 13
2021/1/26, 171, 81, , 28, 1, 17
2021/1/27, 159, 100, , 38, , 25
2021/1/28, 169, 90, , 23, , 17
2021/1/29, 162, 69, , 14, , 8
2021/1/30, 155, 37, , 12, , 6
2021/1/31, 91, 30, , 18, , 7
2021/2/1, 70, 56, , 23, , 14
2021/2/2, 120, 56, , 26, , 14
2021/2/3, 109, 67, , 24, , 16
2021/2/4, 145, 65, , 16, , 13
2021/2/5, 134, 21, , 9, , 4
2021/2/6, 41, 23, , 15, , 6
2021/2/7, 58, 37, , 15, , 6
2021/2/8, 85, 66, , , , 10
2021/2/9, 150, 43, , , , 8
2021/2/10, 89, 61, , , , 13
2021/2/11, 123, 58, , , , 12
2021/2/12, 115, 61, , , , 5
2021/2/13, 123, 16, , , , 4
2021/2/14, 32, 51, , , , 9
2021/2/15, 114, 47, , , , 4
2021/2/16, 111, 11, , , , 4
2021/2/17, 40, 6, , , , 2
2021/2/18, 17, 14, , , , 3
2021/2/19, 41, 26, , , , 3
2021/2/20, 69, 15, , , , 3
2021/2/21, 46, 30, , , , 4
2021/2/22, 74, 17, , , , 2
2021/2/23, 37, 15, , , , 2
2021/2/24, 32, 15, , , , 2
2021/2/25, 53, 34, , , , 5
2021/2/26, 89, 21, , , , 3
2021/2/27, 52, 27, , , , 4
2021/2/28, 55, 12, , , , 2
2021/3/1, 23, 10, , , , 2
2021/3/2, 23, 22, , , , 3
2021/3/3, 49, 13, , , , 2
2021/3/4, 24, 28, , , , 5
2021/3/5, 63, 21, , , , 3
2021/3/6, 49, 29, , , , 3
2021/3/7, 53, 13, , , , 3
2021/3/8, 28, 14, , , , 3
2021/3/9, 46, 18, , , , 3
2021/3/10, 47, 27, , , , 4
2021/3/11, 68, 11, , , , 3
2021/3/12, 41, 9, , , , 2
2021/3/13, 26, 16, , , , 3
2021/3/14, 51, 40, , , , 3
2021/3/15, 96, 37, , , , 3
2021/3/16, 96, 52, , , , 5
2021/3/17, 120, 48, , , , 6
2021/3/18, 93, 18, , , , 2
2021/3/19, 42, 14, , , , 3
2021/3/20, 35, 14, , , , 3
2021/3/21, 41, 18, , , , 3
2021/3/22, 56, 18, , , , 5
2021/3/23, 53, 44, , , , 8
2021/3/24, 83, 14, , , , 3
2021/3/25, 32, 9, , , , 
2021/3/26, 33, 17, , , , 3
2021/3/27, 41, 11, , , , 2
2021/3/28, 19, 13, , , , 3
2021/3/29, 34, 25, , , , 3
2021/3/30, 57, 38, , , , 4
2021/3/31, 84, 45, , , , 4
2020/10/1, 63, 34, , 9, , 2
2020/10/2, 60, 24, , 13, , 4
2020/10/3, 54, 31, , 12, , 4
2020/10/4, 56, 38, , 11, , 3
2020/10/5, 66, 18, , 11, , 1
2020/10/6, 46, 23, , 13, , 3
2020/10/7, 49, 24, , 15, , 4
2020/10/8, 50, 28, , 15, , 4
2020/10/9, 57, 38, , 14, , 5
2020/10/10, 69, 40, , 13, , 6
2020/10/11, 67, 44, , 16, , 6
2020/10/12, 76, 44, , 17, , 5
2020/10/13, 75, 50, , 17, , 8
2020/10/14, 85, 55, , 16, , 8
2020/10/15, 102, 54, , 19, , 8
2020/10/16, 96, 55, , 20, , 6
2020/10/17, 97, 59, , 20, , 6
2020/10/18, 112, 60, , 19, , 7
2020/10/19, 114, 46, , 7, , 2
2020/10/20, 67, 20, , 10, , 2
2020/10/21, 43, 19, , 9, , 4
2020/10/22, 53, 27, , 14, , 5
2020/10/23, 61, 33, , 17, 2, 7
2020/10/24, 69, 42, , 21, , 8
2020/10/25, 81, 53, , 19, 1, 10
2020/10/26, 90, 53, , 20, , 9
2020/10/27, 98, 55, , 17, , 6
2020/10/28, 106, 59, , 19, , 7
2020/10/29, 123, 63, , 25, , 18
2020/10/30, 134, 77, , 27, 1, 12
2020/10/31, 151, 74, , 26, 1, 11
2020/11/1, 149, 66, , 20, , 13
2020/11/2, 130, 48, , 17, , 6
2020/11/3, 100, 60, , 14, 1, 5
2020/11/4, 146, 64, , 19, , 7
2020/11/5, 151, 62, , 18, 1, 8
2020/11/6, 148, 24, , 3, , 4
2020/11/7, 63, 9, , 6, , 3
2020/11/8, 14, 20, , 14, , 6
2020/11/9, 47, 45, , 11, , 6
2020/11/10, 93, 16, , 9, , 2
2020/11/11, 37, 19, , 9, , 1
2020/11/12, 49, 30, , 9, , 3
2020/11/13, 75, 36, , 14, , 5
2020/11/14, 84, 53, , 13, , 5
2020/11/15, 122, 52, , 18, , 8
2020/11/16, 119, 48, , 16, , 6
2020/11/17, 105, 31, , 15, , 4
2020/11/18, 73, 24, , 10, , 4
2020/11/19, 67, 15, , 13, , 8
2020/11/20, 54, 20, , 17, , 8
2020/11/21, 65, 15, , 11, 2, 3
2020/11/22, 41, 17, , 7, , 3
2020/11/23, 43, 15, , 14, , 4
2020/11/24, 40, 38, , 16, , 4
2020/11/25, 79, 17, , 14, 4, 3
2020/11/26, 38, 14, , 12, 13, 14
2020/11/27, 34, 35, , 12, 1, 7
2020/11/28, 83, 55, , 21, , 9
2020/11/29, 134, 80, , 14, , 9
2020/11/30, 166, 50, , 11, , 4
2020/12/1, 126, 47, , 17, 1, 10
2020/12/2, 111, 64, , 15, , 9
2020/12/3, 150, 83, , 19, , 8
2020/12/4, 170, 77, , 17, , 14
2020/12/5, 165, 51, , 12, , 3
2020/12/6, 129, 9, , 13, , 2
2020/12/7, 37, 20, , 12, , 2
2020/12/8, 66, 39, , 13, , 3
2020/12/9, 104, 40, , 14, , 3
2020/12/10, 108, 38, , 12, , 2
2020/12/11, 100, 35, , 14, 2, 3
2020/12/12, 92, 39, , 12, 4, 4
2020/12/13, 95, 54, , 15, 1, 4
2020/12/14, 131, 67, , 20, 1, 10
2020/12/15, 156, 95, , 18, 7, 18
2020/12/16, 178, 45, , 8, , 8
2020/12/17, 100, 13, , 11, 7, 2
2020/12/18, 31, 30, , 17, 1, 6
2020/12/19, 69, 63, , 16, , 8
2020/12/20, 150, 48, , 19, 1, 8
2020/12/21, 104, 66, , 18, 1, 9
2020/12/22, 147, 61, , 14, , 8
2020/12/23, 145, 15, , 7, , 2
2020/12/24, 44, 16, , 14, 1, 3
2020/12/25, 37, 42, , 19, , 9
2020/12/26, 82, 63, , 21, , 10
2020/12/27, 142, 64, , 24, , 9
2020/12/28, 134, 84, , 24, , 15
2020/12/29, 164, 95, , 16, , 15
2020/12/30, 177, 65, , 16, , 8
2020/12/31, 159, 96, , 20, 1, 15
2021/1/1, 187, 111, , 21, , 21
2021/1/2, 205, 74, , 14, , 18
2021/1/3, 164, 48, , 7, , 4
2020/8/25, 41, , , , , 
2020/8/29, 44, 31, , 12, , 3
2020/8/30, 52, 39, , 10, , 3
2020/8/31, 59, 35, , 11, , 3
2020/9/1, 57, 41, , 13, , 4
2020/9/2, 65, 46, , 17, , 4
2020/9/3, 71, 48, , 13, , 3
2020/9/4, 75, 40, , 13, , 2
2020/9/5, 67, 41, , 15, , 5
2020/9/6, 64, 41, , 11, 1, 3
2020/9/7, 60, 33, , 8, , 2
2020/9/8, 54, 35, , 6, , 7
2020/9/9, 56, 22, , 10, , 6
2020/9/10, 40, 51, , 11, , 6
2020/9/11, 70, 51, , 13, , 4
2020/9/12, 71, 48, , 10, , 3
2020/9/13, 68, 50, , 8, 9, 4
2020/9/14, 74, 36, , 6, , 4
2020/9/15, 59, 28, , 7, , 5
2020/9/16, 52, 37, , 10, , 3
2020/9/17, 58, 51, , 9, , 2
2020/9/18, 60, 39, , 6, , 7
2020/9/19, 57, 29, 2, 7, , 2
2020/9/20, 45, 64, , 8, 1, 2
2020/9/21, 75, 43, , 9, , 
2020/9/22, 63, 36, , 11, , 6
2020/9/23, 68, 37, , 13, , 5
2020/9/24, 69, 37, , 14, , 5
2020/9/25, 63, 51, , 14, , 4
2020/9/26, 77, 38, , 13, 1, 4
2020/9/27, 64, 50, , 9, 1, 3
2020/9/28, 67, 61, , 6, , 2
2020/9/29, 65, 63, , 7, , 2
2020/9/30, 76, 54, , 10, , 2
2022/1/3, , 11, 13, 5, 12, 3
2021/11/12, , 28, 15, 13, 10, 6
2021/11/16, , 27, 14, 12, 11, 2
2021/12/24, , 33, 13, 23, 11, 6
2020/8/24, , 17, , , , 
2020/8/28, , 18, , 9, , 2
2021/11/15, , , 15, 7, 12, 2